DYPLOTYPE,ZYGOSITY,GENE,MOI,COUNT
[chr10:102832662:CG:C];[chr10:102832665:A:T],COMPOUND HETEROZYGOUS,CYP17A1,AR,1
[chr10:69315762:A:G];[chr10:69315762:A:G],HOMOZYGOUS,HK1,AR,1
[chr10:70600631:G:A];[chr10:70600743:G:A],COMPOUND HETEROZYGOUS,PRF1,AR,2
[chr10:70600631:G:A];[chr10:70600631:G:A],HOMOZYGOUS,PRF1,AR,2
[chr10:70598411:G:A];[chr10:70600631:G:A],COMPOUND HETEROZYGOUS,PRF1,AR,1
[chr11:46739505:G:A];[chr11:46739505:G:A],HOMOZYGOUS,F2,AR,1
[chr11:5227002:T:A];[chr11:5227003:C:T],COMPOUND HETEROZYGOUS,HBB,AR,3
[chr11:5226762:CAAAG:C];[chr11:5226943:C:T],COMPOUND HETEROZYGOUS,HBB,AR,1
[chr11:5227002:T:A];[chr11:5227002:T:A],HOMOZYGOUS,HBB,AR,1
[chr11:2161303:G:C];+,HETEROZYGOUS,INS,AD,3
[chr11:2445250:A:ACGCGCCCAT];+,HETEROZYGOUS,KCNQ1,AD,62
[chr11:2572870:G:A];+,HETEROZYGOUS,KCNQ1,AD,1
[chr11:2587630:C:T];+,HETEROZYGOUS,KCNQ1,AD,1
[chr11:2445250:A:ACGCGCCCAT];[chr11:2445250:A:ACGCGCCCAT],HOMOZYGOUS,KCNQ1,AD,1
[chr11:2847858:G:GC];+,HETEROZYGOUS,KCNQ1,AD,3
[chr11:2847803:G:A];+,HETEROZYGOUS,KCNQ1,AD,1
[chr11:36593525:G:A];[chr11:36593810:AC:A],COMPOUND HETEROZYGOUS,RAG2,AR,1
[chr12:2550020:G:A];+,HETEROZYGOUS,CACNA1C,AD,3
[chr12:2504944:G:A];+,HETEROZYGOUS,CACNA1C,AD,1
[chr12:120978847:A:C];+,HETEROZYGOUS,HNF1A,AD,1229
[chr12:120978847:A:C];[chr12:120978847:A:C],HOMOZYGOUS,HNF1A,AD,317
[chr12:120978847:A:C];[chr12:120978847:A:C;chr12:120999607:G:A],HOMOZYGOUS,HNF1A,AD,2
[chr12:120988973:C:T];+,HETEROZYGOUS,HNF1A,AD,2
[chr14:102930400:C:T];[chr14:102930400:C:T],HOMOZYGOUS,AMN,AR,1
[chr14:54844099:T:C];+,HETEROZYGOUS,GCH1,AD,2
[chr14:54845784:C:T];+,HETEROZYGOUS,GCH1,AD,1
[chr16:16202045:G:A];[chr16:16202036:A:G],COMPOUND HETEROZYGOUS,ABCC6,AR,3
[chr16:16202006:T:C];[chr16:16150606:G:A],COMPOUND HETEROZYGOUS,ABCC6,AR,1
[chr16:89738893:G:C];[chr16:89740841:GAGA:G],COMPOUND HETEROZYGOUS,FANCA,AR,1
[chr16:89738893:G:C];[chr16:89738893:G:C],HOMOZYGOUS,FANCA,AR,1
[chr16:88835261:A:C];[chr16:88835261:A:C],HOMOZYGOUS,GALNS,AR,1
[chr16:2074281:G:A];+,HETEROZYGOUS,TSC2,AD,1
[chr16:2072295:C:T];+,HETEROZYGOUS,TSC2,AD,1
[chr17:80107616:C:T];[chr17:80107625:C:T],COMPOUND HETEROZYGOUS,GAA,AR,1
[chr17:63972721:G:A];+,HETEROZYGOUS,SCN4A,AD,2
[chr17:63972433:C:T];+,HETEROZYGOUS,SCN4A,AD,1
[chr19:38543551:A:G];+,HETEROZYGOUS,RYR1,AD,10
[chr19:38466176:C:T];+,HETEROZYGOUS,RYR1,AD,1
[chr19:38565156:C:T];+,HETEROZYGOUS,RYR1,AD,2
[chr19:38525494:T:TA];+,HETEROZYGOUS,RYR1,AD,1
[chr19:38457545:C:T];+,HETEROZYGOUS,RYR1,AD,2
[chr19:38500989:C:T];+,HETEROZYGOUS,RYR1,AD,1
[chr19:38499243:G:A];+,HETEROZYGOUS,RYR1,AD,1
[chr19:38489254:AGAG:A];+,HETEROZYGOUS,RYR1,AD,8
[chr19:38467654:C:T];+,HETEROZYGOUS,RYR1,AD,1
[chr19:38527014:C:T];+,HETEROZYGOUS,RYR1,AD,3
[chr19:38469078:G:A];+,HETEROZYGOUS,RYR1,AD,1
[chr19:38443612:C:T];+,HETEROZYGOUS,RYR1,AD,1
[chr19:38490181:C:T];+,HETEROZYGOUS,RYR1,AD,1
[chr19:38496466:C:T];+,HETEROZYGOUS,RYR1,AD,2
[chr19:38467817:G:A];+,HETEROZYGOUS,RYR1,AD,1
[chr19:38585048:G:A];+,HETEROZYGOUS,RYR1,AD,1
[chr19:38460463:C:T];+,HETEROZYGOUS,RYR1,AD,1
[chr19:38523927:C:T];+,HETEROZYGOUS,RYR1,AD,2
[chr19:38578030:C:T];+,HETEROZYGOUS,RYR1,AD,2
[chr19:38570604:CAG:C];+,HETEROZYGOUS,RYR1,AD,1
[chr19:38460380:G:A];+,HETEROZYGOUS,RYR1,AD,1
[chr19:38477821:C:T];+,HETEROZYGOUS,RYR1,AD,1
[chr19:1619351:C:T];[chr19:1619351:C:T],HOMOZYGOUS,TCF3,AR,46
[chr19:1615797:G:A];[chr19:1619351:C:T],COMPOUND HETEROZYGOUS,TCF3,AR,143
[chr19:1615797:G:A];[chr19:1615797:G:A],HOMOZYGOUS,TCF3,AR,84
[chr19:1615797:G:A];[chr19:1615797:G:A;chr19:1619351:C:T],HOMOZYGOUS,TCF3,AR,10
[chr19:1619351:C:T];[chr19:1619351:C:T;chr19:1615797:G:A],HOMOZYGOUS,TCF3,AR,4
[chr19:1615797:G:A];[chr19:1619139:G:T],COMPOUND HETEROZYGOUS,TCF3,AR,3
[chr1:23796722:T:C];[chr1:23796722:T:C],HOMOZYGOUS,GALE,AR,3
[chr1:112913980:C:T];+,HETEROZYGOUS,SLC16A1,AD,4
[chrX:37810882:G:T],HEMIZYGOUS,CYBB,XR,1
[chrX:32448611:C:A],HEMIZYGOUS,DMD,XR,1
[chrX:32614380:C:A],HEMIZYGOUS,DMD,XR,1
[chrX:31478330:G:A],HEMIZYGOUS,DMD,XR,1
[chrX:154993141:T:G],HEMIZYGOUS,F8,XR,1
[chrX:154928865:T:C],HEMIZYGOUS,F8,XR,1
[chrX:154904408:G:T],HEMIZYGOUS,F8,XR,6
[chrX:154966433:C:G],HEMIZYGOUS,F8,XR,1
[chrX:154837702:G:C],HEMIZYGOUS,F8,XR,2
[chrX:154966679:C:T],HEMIZYGOUS,F8,XR,1
[chrX:139562031:G:A],HEMIZYGOUS,F9,XR,1
[chrX:139561733:T:G],HEMIZYGOUS,F9,XR,1
[chrX:14730460:G:A],HEMIZYGOUS,FANCB,XR,1
[chrX:154535277:T:C],HEMIZYGOUS,G6PD,XR,97
[chrX:154532257:C:T],HEMIZYGOUS,G6PD,XR,3
[chrX:154533025:A:G];[chrX:154535277:T:C],COMPOUND HETEROZYGOUS,G6PD,XR,5
[chrX:154535277:T:C];[chrX:154536002:C:T],COMPOUND HETEROZYGOUS,G6PD,XR,89
[chrX:154535277:T:C];[chrX:154536002:C:T],HEMIZYGOUS,G6PD,XR,56
[chrX:154533596:C:G],HEMIZYGOUS,G6PD,XR,1
[chrX:154532269:C:A],HEMIZYGOUS,G6PD,XR,3
[chrX:154535277:T:C];[chrX:154535277:T:C;chrX:154536002:C:T],HOMOZYGOUS,G6PD,XR,19
[chrX:154533122:C:T],HEMIZYGOUS,G6PD,XR,3
[chrX:154535277:T:C];[chrX:154535277:T:C],HOMOZYGOUS,G6PD,XR,16
[chrX:154532390:G:A],HEMIZYGOUS,G6PD,XR,1
[chrX:154535277:T:C];[chrX:154535277:T:C;chrX:154533025:A:G],HOMOZYGOUS,G6PD,XR,5
[chrX:154533025:A:G];[chrX:154535277:T:C],HEMIZYGOUS,G6PD,XR,6
[chrX:154532969:G:A],HEMIZYGOUS,G6PD,XR,1
[chrX:154535277:T:C;chrX:154536002:C:T];[chrX:154535277:T:C;chrX:154536002:C:T],HOMOZYGOUS,G6PD,XR,11
[chrX:154535176:C:G],HEMIZYGOUS,G6PD,XR,2
[chrX:154532945:C:G],HEMIZYGOUS,G6PD,XR,2
[chrX:154533044:C:T],HEMIZYGOUS,G6PD,XR,6
[chrX:154534390:G:A],HEMIZYGOUS,G6PD,XR,1
[chrX:154535187:C:T],HEMIZYGOUS,G6PD,XR,1
[chrX:101403941:C:T];+,HETEROZYGOUS,GLA,XD,2
[chrX:149498174:G:A],HEMIZYGOUS,IDS,XR,28
[chrX:149498174:G:A];[chrX:149498174:G:A],HOMOZYGOUS,IDS,XR,1
[chrX:38352591:C:A];+,HETEROZYGOUS,OTC,XD,1
[chrX:38381417:C:T],HEMIZYGOUS,OTC,XD,1
[chrX:38369865:T:C];+,HETEROZYGOUS,OTC,XD,1
[chrX:38367361:G:A],HEMIZYGOUS,OTC,XD,1
[chrX:19351368:C:T];+,HETEROZYGOUS,PDHA1,XD,1
[chrX:22247891:G:T];+,HETEROZYGOUS,PHEX,XD,1
[chrX:123891304:TGAG:T];+,HETEROZYGOUS,XIAP,XD,2
[chrX:123891304:TGAG:T],HEMIZYGOUS,XIAP,XD,1
[chr2:70959974:G:A];[chr2:70959974:G:A],HOMOZYGOUS,ATP6V1B1,AR,3
[chr2:218813095:C:T];[chr2:218814696:G:C],COMPOUND HETEROZYGOUS,CYP27A1,AR,1
[chr2:166054660:C:T];+,HETEROZYGOUS,SCN1A,AD,1
[chr2:165992051:C:T];+,HETEROZYGOUS,SCN1A,AD,2
[chr2:165994211:C:T];+,HETEROZYGOUS,SCN1A,AD,1
[chr2:166036483:G:T];+,HETEROZYGOUS,SCN1A,AD,1
[chr2:166036043:C:T];+,HETEROZYGOUS,SCN1A,AD,1
[chr2:165991541:G:A];+,HETEROZYGOUS,SCN1A,AD,1
[chr2:166002660:C:T];+,HETEROZYGOUS,SCN1A,AD,1
[chr2:166045080:C:T];+,HETEROZYGOUS,SCN1A,AD,1
[chr2:165310448:C:T];+,HETEROZYGOUS,SCN2A,AD,1
[chr2:165381198:G:A];+,HETEROZYGOUS,SCN2A,AD,1
[chr2:165386963:T:C];+,HETEROZYGOUS,SCN2A,AD,1
[chr2:165310406:G:A];+,HETEROZYGOUS,SCN2A,AD,1
[chr2:165386759:G:C];+,HETEROZYGOUS,SCN2A,AD,5
[chr2:165373330:C:T];+,HETEROZYGOUS,SCN2A,AD,1
[chr2:165367339:G:T];+,HETEROZYGOUS,SCN2A,AD,1
[chr3:128879647:C:CTAAG];[chr3:128879647:C:CTAAG],HOMOZYGOUS,ACAD9,AR,36
[chr3:128879647:C:CTAAG];[chr3:128909410:C:T],COMPOUND HETEROZYGOUS,ACAD9,AR,1
[chr3:128879647:C:CTAAG];[chr3:128895320:CT:C],COMPOUND HETEROZYGOUS,ACAD9,AR,1
[chr3:128879647:C:CTAAG];[chr3:128909019:C:T],COMPOUND HETEROZYGOUS,ACAD9,AR,1
[chr3:15645186:G:C];[chr3:15645186:G:C],HOMOZYGOUS,BTD,AR,4
[chr3:15644824:A:G];[chr3:15645186:G:C],COMPOUND HETEROZYGOUS,BTD,AR,2
[chr3:15635478:CGG:C];[chr3:15635481:CTG:C],COMPOUND HETEROZYGOUS,BTD,AR,1
[chr3:122284869:C:T];+,HETEROZYGOUS,CASR,AD,2
[chr3:87260022:CT:C];+,HETEROZYGOUS,POU1F1,AD,2
[chr3:38613787:G:A];+,HETEROZYGOUS,SCN5A,AD,1
[chr3:38551487:G:A];+,HETEROZYGOUS,SCN5A,AD,1
[chr3:38630420:C:T];+,HETEROZYGOUS,SCN5A,AD,2
[chr3:38633228:C:T];+,HETEROZYGOUS,SCN5A,AD,4
[chr3:38550865:A:G];+,HETEROZYGOUS,SCN5A,AD,12
[chr3:38550661:G:A];+,HETEROZYGOUS,SCN5A,AD,5
[chr3:38550521:C:T];+,HETEROZYGOUS,SCN5A,AD,2
[chr3:38622401:C:T];+,HETEROZYGOUS,SCN5A,AD,2
[chr3:38551157:G:A];+,HETEROZYGOUS,SCN5A,AD,1
[chr3:38557248:C:A];+,HETEROZYGOUS,SCN5A,AD,1
[chr3:38613772:C:T];+,HETEROZYGOUS,SCN5A,AD,1
[chr3:38562467:G:A];+,HETEROZYGOUS,SCN5A,AD,1
[chr4:154611883:G:C];+,HETEROZYGOUS,FGG,AD,10
[chr4:154609725:C:T];+,HETEROZYGOUS,FGG,AD,16
[chr4:154606073:T:C];+,HETEROZYGOUS,FGG,AD,17
[chr4:154609725:C:T];[chr4:154609725:C:T],HOMOZYGOUS,FGG,AD,1
[chr4:154606932:C:T];+,HETEROZYGOUS,FGG,AD,1
[chr4:154612185:G:A];+,HETEROZYGOUS,FGG,AD,2
[chr4:154609725:C:T];[chr4:154611883:G:C],COMPOUND HETEROZYGOUS,FGG,AD,1
[chr4:154606073:T:C];[chr4:154611883:G:C],COMPOUND HETEROZYGOUS,FGG,AD,1
[chr4:154606735:C:T];+,HETEROZYGOUS,FGG,AD,4
[chr4:989866:G:A];[chr4:991150:G:A],COMPOUND HETEROZYGOUS,IDUA,AR,1
[chr5:41176504:TG:T];[chr5:41176504:TG:T],HOMOZYGOUS,C6,AR,1
[chr5:132384290:C:T];[chr5:132385354:C:T],COMPOUND HETEROZYGOUS,SLC22A5,AR,1
[chr5:132384290:C:T];[chr5:132384290:C:T],HOMOZYGOUS,SLC22A5,AR,1
[chr6:32039081:C:A];[chr6:32039081:C:A],HOMOZYGOUS,CYP21A2,AR,1302
[chr6:32039081:C:A];[chr6:32039081:C:A;chr6:32040110:G:T],HOMOZYGOUS,CYP21A2,AR,46
[chr6:32039081:C:A];[chr6:32040110:G:T],COMPOUND HETEROZYGOUS,CYP21A2,AR,24
[chr6:32039081:C:A];[chr6:32039081:C:G],COMPOUND HETEROZYGOUS,CYP21A2,AR,2
[chr6:32039081:C:A];[chr6:32039081:C:A;chr6:32039426:T:A],HOMOZYGOUS,CYP21A2,AR,2
[chr6:32039081:C:A;chr6:32040110:G:T];[chr6:32039081:C:A;chr6:32040110:G:T],HOMOZYGOUS,CYP21A2,AR,2
[chr6:32039081:C:A];[chr6:32039816:T:A],COMPOUND HETEROZYGOUS,CYP21A2,AR,13
[chr6:32039081:C:A];[chr6:32041006:C:T],COMPOUND HETEROZYGOUS,CYP21A2,AR,3
[chr6:32039081:C:A];[chr6:32040421:C:T],COMPOUND HETEROZYGOUS,CYP21A2,AR,1
[chr6:32039081:C:A];[chr6:32040110:G:T];[chr6:32040182:G:GT],COMPOUND HETEROZYGOUS,CYP21A2,AR,1
[chr6:32039081:C:A];[chr6:32039081:C:A;chr6:32040536:G:A],HOMOZYGOUS,CYP21A2,AR,1
[chr6:32038514:C:T];[chr6:32039081:C:A],COMPOUND HETEROZYGOUS,CYP21A2,AR,2
[chr6:32039081:C:A];[chr6:32039081:C:A;chr6:32038514:C:T],HOMOZYGOUS,CYP21A2,AR,1
[chr6:32039081:C:A];[chr6:32040182:G:GT],COMPOUND HETEROZYGOUS,CYP21A2,AR,1
[chr6:32039081:C:A];[chr6:32039081:C:A;chr6:32040182:G:GT],HOMOZYGOUS,CYP21A2,AR,1
[chr6:32038310:G:A];[chr6:32039081:C:A],COMPOUND HETEROZYGOUS,CYP21A2,AR,14
[chr6:32039081:C:A];[chr6:32039426:T:A],COMPOUND HETEROZYGOUS,CYP21A2,AR,1
[chr6:32039081:C:A];[chr6:32041097:G:C],COMPOUND HETEROZYGOUS,CYP21A2,AR,5
[chr6:32039081:C:A];[chr6:32039081:C:A;chr6:32039816:T:A],HOMOZYGOUS,CYP21A2,AR,3
[chr6:32039816:T:A];[chr6:32039816:T:A],HOMOZYGOUS,CYP21A2,AR,1
[chr6:32039081:C:A];[chr6:32040020:G:A],COMPOUND HETEROZYGOUS,CYP21A2,AR,1
[chr6:32039081:C:A];[chr6:32039081:C:A;chr6:32040020:G:A],HOMOZYGOUS,CYP21A2,AR,1
[chr6:32039816:T:A];[chr6:32039816:T:A;chr6:32039081:C:A],HOMOZYGOUS,CYP21A2,AR,1
[chr6:7570558:G:A];+,HETEROZYGOUS,DSP,AD,1
[chr6:7555816:A:G];+,HETEROZYGOUS,DSP,AD,5
[chr6:7583139:G:A];+,HETEROZYGOUS,DSP,AD,2
[chr6:7542003:G:A];+,HETEROZYGOUS,DSP,AD,14
[chr6:7582775:G:A];+,HETEROZYGOUS,DSP,AD,1
[chr6:7582880:G:A];+,HETEROZYGOUS,DSP,AD,1
[chr6:7585739:G:A];+,HETEROZYGOUS,DSP,AD,1
[chr6:7579702:T:C];+,HETEROZYGOUS,DSP,AD,1
[chr6:7558186:A:G];+,HETEROZYGOUS,DSP,AD,2
[chr6:7567412:T:C];+,HETEROZYGOUS,DSP,AD,2
[chr6:7585755:GGGATCTCGCTCC:G];+,HETEROZYGOUS,DSP,AD,1
[chr6:7585788:CAGTGGGTCCCGG:C];+,HETEROZYGOUS,DSP,AD,2
[chr6:7583991:T:A];+,HETEROZYGOUS,DSP,AD,1
[chr6:7563749:C:T];+,HETEROZYGOUS,DSP,AD,1
[chr6:7579472:G:C];+,HETEROZYGOUS,DSP,AD,1
[chr6:49456101:G:A];[chr6:49456101:G:A],HOMOZYGOUS,MMUT,AR,2
[chr7:117548758:G:T];[chr7:117590400:G:C];[chr7:117592169:C:T],COMPOUND HETEROZYGOUS,CFTR,AR,1
[chr7:117590400:G:C];[chr7:117592169:C:T],COMPOUND HETEROZYGOUS,CFTR,AR,13
[chr7:117627758:T:G];[chr7:117627758:T:G],HOMOZYGOUS,CFTR,AR,1
[chr7:117535318:A:G];[chr7:117548628:GTT:G],COMPOUND HETEROZYGOUS,CFTR,AR,1
[chr7:117548630:T:G];[chr7:117559629:G:A],COMPOUND HETEROZYGOUS,CFTR,AR,1
[chr7:117548630:T:G];[chr7:117548630:T:TG],COMPOUND HETEROZYGOUS,CFTR,AR,1
[chr7:117548630:T:G];[chr7:117587820:A:G],COMPOUND HETEROZYGOUS,CFTR,AR,2
[chr7:117610521:G:C];[chr7:117610521:G:C],HOMOZYGOUS,CFTR,AR,1
[chr7:117548628:GTT:G];[chr7:117627758:T:G],COMPOUND HETEROZYGOUS,CFTR,AR,2
[chr7:117548628:GTT:G];[chr7:117666998:G:A],COMPOUND HETEROZYGOUS,CFTR,AR,2
[chr7:117548628:GTT:G];[chr7:117548628:GTT:G],HOMOZYGOUS,CFTR,AR,6
[chr7:117664780:G:C];[chr7:117664780:G:C],HOMOZYGOUS,CFTR,AR,1
[chr7:117587820:A:G];[chr7:117587820:A:G],HOMOZYGOUS,CFTR,AR,1
[chr7:117587820:A:G];[chr7:117664780:G:C],COMPOUND HETEROZYGOUS,CFTR,AR,1
[chr7:117540282:C:G];[chr7:117642528:G:A],COMPOUND HETEROZYGOUS,CFTR,AR,1
[chr7:117642528:G:A];[chr7:117642528:G:A],HOMOZYGOUS,CFTR,AR,1
[chr7:117548628:GTT:G];[chr7:117548796:G:A],COMPOUND HETEROZYGOUS,CFTR,AR,2
[chr7:117627502:T:C];[chr7:117627502:T:C],HOMOZYGOUS,CFTR,AR,3
[chr7:117535318:A:G];[chr7:117627502:T:C],COMPOUND HETEROZYGOUS,CFTR,AR,1
[chr7:117559576:T:C];[chr7:117627502:T:C],COMPOUND HETEROZYGOUS,CFTR,AR,1
[chr7:117548628:GTT:G];[chr7:117590400:G:C];[chr7:117592169:C:T],COMPOUND HETEROZYGOUS,CFTR,AR,1
[chr7:117559590:ATCT:A];[chr7:117627538:G:T],COMPOUND HETEROZYGOUS,CFTR,AR,1
[chr7:117548630:T:G];[chr7:117664780:G:C],COMPOUND HETEROZYGOUS,CFTR,AR,1
[chr7:117540156:CCTT:C];[chr7:117548628:GTT:G];[chr7:117592377:C:T],COMPOUND HETEROZYGOUS,CFTR,AR,1
[chr7:44147690:G:A];+,HETEROZYGOUS,GCK,AD,1
[chr7:66994210:A:G];[chr7:66994286:T:A],COMPOUND HETEROZYGOUS,SBDS,AR,4
[chr7:96321955:A:G];[chr7:96321955:A:G],HOMOZYGOUS,SLC25A13,AR,2
[chr8:47931496:G:GT];[chr8:47931496:G:GT],HOMOZYGOUS,PRKDC,AR,1
[chr9:130458549:G:T];[chr9:130458549:G:T],HOMOZYGOUS,ASS1,AR,1
[chr9:130452225:C:T];[chr9:130458549:G:T],COMPOUND HETEROZYGOUS,ASS1,AR,1
[chr9:34646575:CCAGT:C];[chr9:34649445:A:G],COMPOUND HETEROZYGOUS,GALT,AR,228
[chr9:34646575:CCAGT:C;chr9:34649445:A:G];[chr9:34646575:CCAGT:C;chr9:34649445:A:G],HOMOZYGOUS,GALT,AR,11
[chr9:34649445:A:G];[chr9:34649445:A:G;chr9:34646575:CCAGT:C],HOMOZYGOUS,GALT,AR,13
[chr9:34649445:A:G];[chr9:34649445:A:G],HOMOZYGOUS,GALT,AR,7
[chr9:34646575:CCAGT:C];[chr9:34646575:CCAGT:C;chr9:34649445:A:G],HOMOZYGOUS,GALT,AR,1
[chr9:34647858:C:T];[chr9:34649445:A:G],COMPOUND HETEROZYGOUS,GALT,AR,1
[chr9:135792094:G:A];+,HETEROZYGOUS,KCNT1,AD,1
[chr9:124491156:C:T];+,HETEROZYGOUS,NR5A1,AD,5
[chr9:124500328:T:C];+,HETEROZYGOUS,NR5A1,AD,1
[chr9:124500568:G:A];+,HETEROZYGOUS,NR5A1,AD,1
[chr9:124500326:C:T];+,HETEROZYGOUS,NR5A1,AD,1
