CHROM,pos_start,ref,alt,CLINVAR_ID,user,date
chr1,23796183,C,T,3681,sfk,103123
chr1,23796722,T,C,3679,sfk,103123
chr10,70600631,G,A,13718,mw,103123
chr11,2445250,A,ACGCGCCCAT,42487,mw,103123
chr11,5225851,T,C,439149,sfk,103123
chr11,36593525,G,A,13135,sfk,103123
chr11,46725897,G,A,13302,sfk,103123
chr11,46739505,G,A,13310,mw,103123
chr12,2115256,G,A,1015055,sfk,103123
chr12,2550020,G,A,17634,sfk,103123
chr12,2686216,G,C,191427,mw,103123
chr12,120978847,A,C,14937,mw,103123
chr12,120996568,C,G,431970,mw,103123
chr12,120999607,G,A,14940,sfk,11024
chr13,32332574,T,G,89040,sfk,103123
chr14,74480701,C,T,100734,mw,103123
chr14,102930400,C,T,56745,sfk,103123
chr15,74343027,C,T,372354,mw,103123
chr16,173286,A,T,15639,sfk,103123
chr16,16202006,T,C,265017,mw,103123
chr16,23215108,A,G,318359,sfk,103123
chr16,23348844,C,G,8844,mw,103123
chr16,89738893,G,C,134282,sfk,103123
chr16,89745061,G,A,134268,sfk,103123
chr16,89746667,G,A,408171,sfk,103123
chr16,89758699,G,C,376974,sfk,103123
chr16,89775768,C,G,265136,sfk,103123
chr17,4900809,C,T,323987,sfk,103123
chr17,4901082,C,A,40228,sfk,103123
chr17,7224973,G,A,195448,sfk,103123
chr17,61859862,G,C,4736,sfk,103123
chr17,75763032,G,A,5633,sfk,103123
chr17,75831135,C,T,225509,sfk,103123
chr17,75834355,GA,G,2167989,sfk,11024
chr17,75834358,C,CGG,2167991,sfk,11024
chr17,75834365,C,A,1694207,sfk,11024
chr17,80107625,C,T,325782,sfk,11024
chr19,1615797,G,A,1165836,mw,103123
chr19,1619351,C,T,1167884,mw,103123
chr19,6707877,T,C,330314,sfk,103123
chr19,38440821,T,C,478170,sfk,11024
chr19,38442391,C,T,561100,sfk,11024
chr19,38443612,C,T,12988,sfk,11024
chr19,38448790,C,T,224364,sfk,103123
chr19,38452824,T,C,544398,sfk,11024
chr19,38455529,G,A,872071,sfk,103123
chr19,38460380,G,A,159841,sfk,103123
chr19,38464688,G,T,929034,sfk,103123
chr19,38466176,C,T,161367,sfk,103123
chr19,38467684,G,A,640792,sfk,11024
chr19,38469107,G,A,544453,sfk,103123
chr19,38469119,C,T,374168,sfk,11024
chr19,38469433,ATGCAGCGCCCAGTC,A,544373,sfk,11024
chr19,38477821,C,T,161372,sfk,103123
chr19,38489254,AGAG,A,329041,sfk,103123
chr19,38490250,G,A,870400,sfk,103123
chr19,38492637,G,A,478250,sfk,103123
chr19,38496445,C,T,224389,sfk,11024
chr19,38496466,C,T,159856,sfk,103123
chr19,38499954,G,T,544448,sfk,103123
chr19,38499961,T,A,12989,sfk,11024
chr19,38500989,C,T,1054894,sfk,103123
chr19,38502649,T,A,654508,sfk,103123
chr19,38507737,TC,T,1074272,sfk,11024
chr19,38511595,C,T,852784,sfk,11024
chr19,38512484,G,A,451330,sfk,103123
chr19,38517520,C,T,523793,sfk,103123
chr19,38519399,T,G,42098,sfk,11024
chr19,38523116,G,A,224998,sfk,103123
chr19,38525371,C,CG,590367,sfk,103123
chr19,38536037,G,A,161376,sfk,103123
chr19,38543420,C,A,161361,sfk,103123
chr19,38543551,A,G,133021,sfk,103123
chr19,38543792,C,T,590392,sfk,11024
chr19,38546493,G,GAC,590394,sfk,11024
chr19,38546528,T,C,1809729,sfk,103123
chr19,38564986,T,C,590411,sfk,11024
chr19,38570637,C,T,282726,sfk,103123
chr19,38570638,G,A,218466,sfk,103123
chr19,38573308,G,A,449641,sfk,11024
chr19,38578030,C,T,1800878,sfk,103123
chr19,38578184,G,A,285009,sfk,11024
chr19,38580037,ACTT,A,449523,sfk,103123
chr19,38580458,G,A,159837,sfk,11024
chr19,38584963,C,A,647148,sfk,103123
chr2,58159793,G,GTAAT,210988,mw,103123
chr2,70959974,G,A,44229,mw,103123
chr2,165365200,G,A,206987,mw,103123
chr2,165386759,G,C,130214,sfk,103123
chr2,166015636,G,C,68616,mw,103123
chr2,166045080,C,T,68588,mw,103123
chr2,218814154,C,T,65831,mw,103123
chr20,63408486,G,C,205924,sfk,103123
chr21,43060481,G,A,212860,sfk,103123
chr22,17189987,C,T,375247,sfk,103123
chr22,50627007,C,T,3069,sfk,103123
chr3,15635481,CTG,C,801942,sfk,11024
chr3,15645186,G,C,1900,sfk,11024
chr3,38550661,G,A,48310,sfk,103123
chr3,38550865,A,G,39445,sfk,103123
chr3,38550917,C,T,9402,sfk,103123
chr3,38551012,C,T,67988,mw,103123
chr3,38603758,C,T,67691,sfk,103123
chr3,38613787,G,A,9396,sfk,103123
chr3,38633228,C,T,68043,sfk,103123
chr3,98580709,G,A,459,mw,103123
chr3,122284869,C,T,342802,sfk,103123
chr3,128879647,C,CTAAG,1018,mw,103123
chr4,989866,G,A,242375,sfk,103123
chr4,991150,G,A,242374,sfk,103123
chr4,83284595,C,G,559292,sfk,103123
chr4,154568456,C,T,517313,sfk,103123
chr4,154606073,T,C,16371,mw,103123
chr4,154609725,C,T,16378,mw,103123
chr4,154611883,G,C,547969,sfk,103123
chr4,154612185,G,A,627235,sfk,103123
chr4,158685185,G,A,203715,sfk,103123
chr5,132393688,G,A,38794,sfk,103123
chr6,7542003,G,A,16846,mw,103123
chr6,7542052,G,A,451932,sfk,11024
chr6,7555789,G,A,44875,sfk,11024
chr6,7555816,A,G,163236,mw,103123
chr6,7555825,G,A,163237,sfk,103123
chr6,7558186,A,G,518982,sfk,11024
chr6,7559287,C,G,546994,sfk,11024
chr6,7565497,G,A,44981,sfk,11024
chr6,7566383,A,G,496252,sfk,11024
chr6,7567412,T,C,246657,sfk,11024
chr6,7567837,C,G,922282,sfk,11024
chr6,7569249,G,A,228635,sfk,11024
chr6,7570558,G,A,161226,sfk,103123
chr6,7575410,T,A,199870,sfk,103123
chr6,7576338,G,A,566173,sfk,11024
chr6,7576347,A,G,163257,sfk,103123
chr6,7576383,G,A,920967,sfk,103123
chr6,7579336,C,T,357947,sfk,11024
chr6,7580146,C,T,504527,sfk,11024
chr6,7581186,C,T,922908,sfk,103123
chr6,7582645,T,A,518791,sfk,11024
chr6,7582879,C,T,222581,sfk,103123
chr6,7582880,G,A,850913,sfk,11024
chr6,7583317,G,T,199937,sfk,103123
chr6,7583569,A,G,180336,sfk,103123
chr6,7584164,T,C,263528,sfk,103123
chr6,7584884,G,A,228649,sfk,11024
chr6,7585177,C,T,405230,sfk,11024
chr6,7585312,A,G,965292,sfk,103123
chr6,7585664,G,A,959753,sfk,11024
chr6,7585744,G,A,405239,sfk,11024
chr6,7585755,GGGATCTCGCTCC,G,44975,mw,103123
chr6,7585788,CAGTGGGTCCCGG,C,199930,mw,103123
chr6,7585793,G,C,1315473,sfk,11024
chr6,7585798,C,G,44976,sfk,11024
chr6,32039081,C,A,196278,mw,103123
chr6,49456101,G,A,203859,sfk,103123
chr6,160738593,G,A,13574,sfk,103123
chr7,117534295,G,A,53983,sfk,103123
chr7,117535318,A,G,7238,sfk,103123
chr7,117540282,C,G,53174,sfk,103123
chr7,117548628,GTT,G,242535,sfk,103123
chr7,117548630,T,G,178713,sfk,103123
chr7,117548796,G,A,35820,sfk,103123
chr7,117559594,T,G,7126,sfk,103123
chr7,117559629,G,A,35825,sfk,103123
chr7,117587820,A,G,7196,sfk,103123
chr7,117590400,G,C,7165,mw,103123
chr7,117592169,C,T,35835,mw,103123
chr7,117592588,A,G,35842,sfk,103123
chr7,117594945,G,T,53505,sfk,103123
chr7,117610521,G,C,7229,sfk,103123
chr7,117627502,T,C,7228,sfk,103123
chr7,117627538,G,T,256253,sfk,103123
chr7,117627758,T,G,35872,mw,103123
chr8,89971232,G,A,6948,sfk,103123
chr8,89978293,T,C,6946,sfk,103123
chr9,34646575,CCAGT,C,25111,mw,103123
chr9,34649445,A,G,3613,mw,103123
chr9,35075025,C,T,134361,mw,103123
chr9,101429815,G,T,285374,sfk,103123
chr9,101435912,C,T,500745,mw,103123
chr9,130458549,G,T,6334,mw,103123
chr9,133436943,C,T,5814,mw,103123
chr9,135792094,G,A,211244,sfk,103123
chrX,101401752,C,T,10748,sfk,11024
chrX,101403828,G,A,42454,sfk,11024
chrX,123891304,TGAG,T,225518,sfk,103123
chrX,149498174,G,A,92622,mw,103123
chrX,154532945,C,G,93489,sfk,103123
chrX,154533044,C,T,10401,sfk,103123
chrX,154535187,C,T,10364,sfk,103123
chrX,154535277,T,C,100055,mw,103123
chr5,151886774,C,T,575744,sfk,2824
chr9,135770372,G,A,508726,sfk,2824
chr3,38581002,C,T,9400,sfk,32924
chr14,54844099,T,C,9283,sfk,32924
chr14,54845784,C,T,161248,sfk,32924
chr14,54844108,A,G,9281,sfk,32924
chr3,57198280,G,A,1206790,sfk,32924
chr11,2587630,C,T,52970,sfk,32924
chr11,17442788,C,T,157683,sfk,32924
chr9,124491156,C,T,981141,sfk,32924
chr9,124500328,T,C,none,sfk,32924
