contig,pos_start,ref,alt,GENE,CLINVAR_ID,CMPD_HET,HEMI,HET,HOM_ALT,Positive
chr1,1043197,G,C,AGRN,1284256,0,0,10,0,0
chr1,1043733,G,T,AGRN,2063004,0,0,1,0,0
chr1,21563147,G,GCACCGC,ALPL,1323882,0,0,2,0,0
chr1,21564094,G,A,ALPL,13683,0,0,1,0,0
chr1,21564097,G,A,ALPL,556961,0,0,2,0,0
chr1,21564139,G,A,ALPL,13670,0,0,4,0,0
chr1,21575916,C,CT,ALPL,632629,0,0,1,0,0
chr1,23796777,G,A,GALE,21172,0,0,2,0,0
chr1,23810790,GGA,G,HMGCL,521753,0,0,2,0,0
chr1,23814193,C,T,HMGCL,501099,0,0,1,0,0
chr1,23817520,CAG,C,HMGCL,11954,0,0,1,0,0
chr1,36468158,C,T,CSF3R,570920,0,0,1,0,0
chr1,45500334,T,C,MMACHC,556190,0,0,1,0,0
chr1,45500378,CTA,C,MMACHC,1076553,0,0,2,0,0
chr1,45500412,A,G,MMACHC,552467,0,0,1,0,0
chr1,45507544,T,TA,MMACHC,1421,0,0,5,0,0
chr1,45508210,A,G,MMACHC,1506301,0,0,2,0,0
chr1,45508805,GGT,G,MMACHC,203834,0,0,1,0,0
chr1,45508806,G,C,MMACHC,203828,0,0,2,0,0
chr1,45508931,C,T,MMACHC,876445,0,0,1,0,0
chr1,45508975,G,A,MMACHC,30800,0,0,1,0,0
chr1,45509021,CAGA,C,MMACHC,95707,0,0,2,0,0
chr1,45509032,C,A,MMACHC,496436,0,0,1,0,0
chr1,56940965,G,A,C8B,17038,0,0,8,0,0
chr1,56949599,G,A,C8B,35592,0,0,1,0,0
chr1,56949680,T,A,C8B,1453039,0,0,1,0,0
chr1,75728462,G,A,ACADM,859753,0,0,1,0,0
chr1,75732652,G,A,ACADM,92257,0,0,11,0,0
chr1,75732746,G,T,ACADM,1066634,0,0,2,0,0
chr1,75734798,CTAT,C,ACADM,650461,0,0,1,0,0
chr1,75734837,AT,A,ACADM,370885,0,0,1,0,0
chr1,75740037,G,T,ACADM,226093,0,0,1,0,0
chr1,75745788,G,A,ACADM,226084,0,0,3,0,0
chr1,75745889,C,A,ACADM,203538,0,0,2,0,0
chr1,75761159,T,C,ACADM,2184507,0,0,1,0,0
chr1,75761161,A,G,ACADM,3586,0,0,5,0,0
chr1,75761221,C,T,ACADM,189016,0,0,2,0,0
chr1,75761261,G,A,ACADM,843524,0,0,1,0,0
chr1,75762734,C,T,ACADM,850051,0,0,1,0,0
chr1,99851058,CAG,C,AGL,195097,0,0,2,0,0
chr1,99861676,C,T,AGL,196286,0,0,1,0,0
chr1,99864453,C,CA,AGL,2105345,0,0,1,0,0
chr1,99870847,AT,A,AGL,526569,0,0,1,0,0
chr1,99880047,G,T,AGL,1100,0,0,1,0,0
chr1,99884704,G,A,AGL,281229,0,0,1,0,0
chr1,99892561,TGA,T,AGL,432008,0,0,2,0,0
chr1,100216085,C,A,DBT,94009,0,0,7,0,0
chr1,112913980,C,T,SLC16A1,8915,0,0,4,0,4
chr1,119421886,G,A,HSD3B2,971607,0,0,1,0,0
chr1,119422367,TG,T,HSD3B2,12193,0,0,1,0,0
chr1,119743909,C,T,PHGDH,496330,0,0,1,0,0
chr1,150081412,C,T,VPS45,791006,0,0,1,0,0
chr1,154273880,T,TG,HAX1,578906,0,0,1,0,0
chr1,154275261,G,A,HAX1,944776,0,0,2,0,0
chr1,155235000,G,A,GBA1,1322983,0,0,2,0,0
chr1,155235217,C,G,GBA1,93450,0,0,1,0,0
chr1,155235252,A,G,GBA1,4288,0,0,1,0,0
chr1,155235843,T,C,GBA1,4290,0,0,4,0,0
chr1,155238215,T,C,GBA1,4314,0,0,1,0,0
chr1,155240629,C,T,GBA1,93445,0,0,3,0,0
chr1,155290622,G,A,PKLR,2437900,0,0,1,0,0
chr1,155291845,C,T,PKLR,1511,0,0,1,0,0
chr1,155291863,C,A,PKLR,2431446,0,0,1,0,0
chr1,155291918,G,A,PKLR,1513,0,0,11,0,0
chr1,168281161,AGAGT,A,TBX19,520566,0,0,1,0,0
chr1,168293210,C,T,TBX19,293458,0,0,1,0,0
chr1,197060365,C,T,F13B,1324365,0,0,1,0,0
chr1,197063058,CT,C,F13B,16518,0,0,1,0,0
chr1,226964998,A,G,COQ8A,1909823,0,0,1,0,0
chr1,226982954,C,T,COQ8A,434088,0,0,2,0,0
chr1,226986631,T,TG,COQ8A,214046,0,0,2,0,0
chr1,235712144,G,A,LYST,1416537,0,0,1,0,0
chr1,235746446,A,G,LYST,579125,0,0,1,0,0
chr1,236861181,AT,A,MTR,1447405,0,0,2,0,0
chr1,236895391,C,T,MTR,650018,0,0,1,0,0
chr10,14932852,AC,A,DCLRE1C,4671,0,0,2,0,0
chr10,14945141,TAAC,T,DCLRE1C,858042,0,0,1,0,0
chr10,16831318,G,A,CUBN,1074937,0,0,1,0,0
chr10,16906209,G,A,CUBN,569408,0,0,2,0,0
chr10,16915053,G,A,CUBN,838702,0,0,1,0,0
chr10,16919961,A,G,CUBN,1022289,0,0,1,0,0
chr10,16925687,C,T,CUBN,299439,0,0,1,0,0
chr10,16937678,G,T,CUBN,299454,0,0,3,0,0
chr10,16982490,A,T,CUBN,1705570,0,0,6,0,0
chr10,17129763,C,A,CUBN,373456,0,0,1,0,0
chr10,49620520,T,G,CHAT,430062,0,0,1,0,0
chr10,69315762,A,G,HK1,811462,0,0,4,1,1
chr10,69898721,C,T,COL13A1,1324099,0,0,1,0,0
chr10,70598372,G,A,PRF1,468301,0,0,2,0,0
chr10,70598411,G,A,PRF1,300327,0,0,3,0,0
chr10,70598493,G,A,PRF1,1067731,0,0,1,0,0
chr10,70598924,A,G,PRF1,859923,0,0,1,0,0
chr10,70599062,C,T,PRF1,802582,0,0,1,0,0
chr10,70600458,C,T,PRF1,520942,0,0,1,0,0
chr10,70600743,G,A,PRF1,802583,0,0,4,0,0
chr10,70600770,C,T,PRF1,468300,0,0,1,0,0
chr10,70600852,CA,C,PRF1,468305,0,0,7,0,0
chr10,70883973,G,A,PCBD1,16799,0,0,2,0,0
chr10,89214870,C,G,LIPA,695035,0,0,1,0,0
chr10,89222511,C,T,LIPA,203361,0,0,4,0,0
chr11,2161303,G,C,INS,1317682,0,0,3,0,3
chr11,2164325,C,T,TH,412030,0,0,4,0,0
chr11,2165338,G,A,TH,573670,0,0,1,0,0
chr11,2168614,G,A,TH,449110,0,0,2,0,0
chr11,2171785,A,G,TH,556248,0,0,1,0,0
chr11,2171857,G,A,TH,558656,0,0,2,0,0
chr11,2572870,G,A,KCNQ1,3144,0,0,1,0,1
chr11,2847803,G,A,KCNQ1,67059,0,0,1,0,1
chr11,2847858,G,GC,KCNQ1,53027,0,0,3,0,3
chr11,5225481,GT,G,HBB,15474,0,0,1,0,0
chr11,5225488,A,G,HBB,36332,0,0,1,0,0
chr11,5225653,G,A,HBB,15245,0,0,1,0,0
chr11,5225660,G,A,HBB,1705074,0,0,1,0,0
chr11,5225678,C,G,HBB,15152,0,0,3,0,0
chr11,5225728,T,C,HBB,21191,0,0,1,0,0
chr11,5226762,CAAAG,C,HBB,15417,1,0,4,0,1
chr11,5226774,G,A,HBB,15402,0,0,1,0,0
chr11,5226800,C,G,HBB,439166,0,0,2,0,0
chr11,5226925,C,G,HBB,15447,0,0,9,0,0
chr11,5226929,C,T,HBB,15436,0,0,2,0,0
chr11,5226943,C,T,HBB,15161,1,0,17,0,1
chr11,5226970,T,A,HBB,15401,0,0,6,0,0
chr11,5226975,C,T,HBB,15403,0,0,2,0,0
chr11,5227002,T,A,HBB,15333,3,0,179,1,4
chr11,5227003,C,T,HBB,15126,3,0,23,0,3
chr11,5227100,T,C,HBB,15469,0,0,4,0,0
chr11,5227158,G,A,HBB,36287,0,0,1,0,0
chr11,5227159,G,A,HBB,15460,0,0,1,0,0
chr11,6391623,G,GC,SMPD1,632992,0,0,3,0,0
chr11,6391754,G,A,SMPD1,288072,0,0,1,0,0
chr11,6391937,G,A,SMPD1,195085,0,0,1,0,0
chr11,6392060,C,G,SMPD1,403463,0,0,10,0,0
chr11,6392119,G,T,SMPD1,650777,0,0,1,0,0
chr11,6393257,G,A,SMPD1,554977,0,0,2,0,0
chr11,6393981,C,T,SMPD1,93315,0,0,3,0,0
chr11,6394240,C,T,SMPD1,549947,0,0,10,0,0
chr11,6394261,A,T,SMPD1,198094,0,0,13,0,0
chr11,6394536,TGCC,T,SMPD1,198093,0,0,2,0,0
chr11,6394539,C,T,SMPD1,2073371,0,0,1,0,0
chr11,6615172,G,A,TPP1,68741,0,0,2,0,0
chr11,6615179,C,T,TPP1,68740,0,0,2,0,0
chr11,6616501,G,A,TPP1,968055,0,0,4,0,0
chr11,6617154,C,T,TPP1,207574,0,0,2,0,0
chr11,17397055,C,T,ABCC8,9088,0,0,1,0,0
chr11,17404670,C,T,ABCC8,370935,0,0,1,0,0
chr11,17412700,C,T,ABCC8,554121,0,0,1,0,0
chr11,17448665,T,A,ABCC8,1338266,0,0,1,0,0
chr11,17474956,G,A,ABCC8,371380,0,0,1,0,0
chr11,20601215,C,A,SLC6A5,1458893,0,0,1,0,0
chr11,22625462,G,T,FANCF,241438,0,0,13,0,0
chr11,36573305,A,G,RAG1,304491,0,0,1,0,0
chr11,36575514,G,A,RAG1,13149,0,0,2,0,0
chr11,36576171,T,C,RAG1,1075542,0,0,1,0,0
chr11,36576376,C,CT,RAG1,1457784,0,0,1,0,0
chr11,36593810,AC,A,RAG2,1460395,0,0,1,0,0
chr11,47438852,ACGTGCGCCCGCAGTTCC,A,RAPSN,632161,0,0,2,0,0
chr11,47438901,C,A,RAPSN,664620,0,0,2,0,0
chr11,47441875,G,A,RAPSN,197248,0,0,2,0,0
chr11,47447904,C,T,RAPSN,381702,0,0,1,0,0
chr11,47448079,G,T,RAPSN,8046,0,0,9,0,0
chr11,59843948,GATTC,G,CBLIF,566919,0,0,2,0,0
chr11,68780734,T,G,CPT1A,189151,0,0,2,0,0
chr11,68812436,C,T,CPT1A,93973,0,0,1,0,0
chr11,72195749,T,C,FOLR1,95750,0,0,19,0,0
chr11,108135240,C,G,ACAT1,2846,0,0,2,0,0
chr11,108138905,TGG,T,ACAT1,166649,0,0,2,0,0
chr11,108139040,T,G,ACAT1,666490,0,0,1,0,0
chr11,108140107,C,T,ACAT1,376832,0,0,3,0,0
chr11,112233178,C,T,PTS,480,0,0,2,0,0
chr11,112233205,G,A,PTS,484,0,0,1,0,0
chr11,112233487,G,T,PTS,556231,0,0,1,0,0
chr11,117993294,G,A,IL10RA,14814,0,0,1,0,0
chr11,119025270,CAG,C,SLC37A4,6926,0,0,1,0,0
chr11,119027069,G,A,SLC37A4,189147,0,0,1,0,0
chr11,119027681,G,A,SLC37A4,68285,0,0,1,0,0
chr11,119027757,C,T,SLC37A4,215178,0,0,8,0,0
chr11,119097981,A,C,DPAGT1,36922,0,0,1,0,0
chr11,119100396,T,C,DPAGT1,12296,0,0,1,0,0
chr12,2504944,G,A,CACNA1C,17632,0,0,1,0,1
chr12,6348771,TGAA,T,SCNN1A,1700120,0,0,3,0,0
chr12,6348981,G,A,SCNN1A,9264,0,0,1,0,0
chr12,43772968,C,T,IRAK4,567326,0,0,1,0,0
chr12,49954168,C,T,AQP2,17837,0,0,1,0,0
chr12,49954171,C,T,AQP2,17833,0,0,1,0,0
chr12,49955555,C,T,AQP2,285666,0,0,1,0,0
chr12,102840474,T,C,PAH,593,0,0,2,0,0
chr12,102840477,C,T,PAH,940659,0,0,3,0,0
chr12,102840492,C,T,PAH,612,0,0,1,0,0
chr12,102840493,G,A,PAH,577,0,0,2,0,0
chr12,102840507,G,A,PAH,92731,0,0,3,0,0
chr12,102843671,A,T,PAH,853581,0,0,1,0,0
chr12,102843706,G,A,PAH,628,0,0,1,0,0
chr12,102843722,G,C,PAH,660581,0,0,2,0,0
chr12,102843790,C,T,PAH,607,0,0,3,0,0
chr12,102844356,A,G,PAH,615,0,0,2,0,0
chr12,102852875,C,T,PAH,582,0,0,2,0,0
chr12,102852923,A,G,PAH,632,0,0,3,0,0
chr12,102852929,C,T,PAH,591,0,0,2,0,0
chr12,102855282,CAT,C,PAH,102734,0,0,2,0,0
chr12,102855326,C,A,PAH,664621,0,0,1,0,0
chr12,102866638,G,A,PAH,1465203,0,0,1,0,0
chr12,102866642,G,A,PAH,554011,0,0,1,0,0
chr12,102877548,G,A,PAH,92741,0,0,1,0,0
chr12,102894767,T,C,PAH,225134,0,0,1,0,0
chr12,102894826,G,T,PAH,583,0,0,1,0,0
chr12,102894876,GAGA,G,PAH,102632,0,0,1,0,0
chr12,102912825,ACTT,A,PAH,102594,0,0,1,0,0
chr12,109561068,G,A,MMAB,3095,0,0,1,0,0
chr12,120988973,C,T,HNF1A,36822,0,0,2,0,2
chr12,121839998,G,C,HPD,1576,0,0,19,0,0
chr13,32329440,C,G,BRCA2,219896,0,0,1,0,0
chr13,32332442,A,C,BRCA2,38258,0,0,3,0,0
chr13,32333241,A,G,BRCA2,51186,0,0,1,0,0
chr13,32336632,TTTATA,T,BRCA2,254499,0,0,1,0,0
chr13,32339498,TTGTA,T,BRCA2,51779,0,0,1,0,0
chr13,32339596,C,CTA,BRCA2,254555,0,0,2,0,0
chr13,32339783,G,A,BRCA2,51860,0,0,1,0,0
chr13,32354916,G,T,BRCA2,254595,0,0,1,0,0
chr13,32357820,G,GA,BRCA2,52390,0,0,2,0,0
chr13,32376739,G,A,BRCA2,38180,0,0,1,0,0
chr13,32396934,C,T,BRCA2,52865,0,0,1,0,0
chr13,40807376,C,T,SLC25A15,5994,0,0,1,0,0
chr13,40809576,C,T,SLC25A15,5999,0,0,1,0,0
chr13,100273218,C,T,PCCA,38870,0,0,1,0,0
chr13,100330667,CA,C,PCCA,1451161,0,0,2,0,0
chr13,100368504,G,T,PCCA,218258,0,0,33,0,0
chr13,100368574,G,A,PCCA,556480,0,0,1,0,0
chr14,73953571,T,C,COQ6,1516201,0,0,2,0,0
chr14,74286784,CCT,C,ABCD4,2137605,0,0,1,0,0
chr14,74486324,C,T,NPC2,8479,0,0,1,0,0
chr14,102928424,A,G,AMN,56751,0,0,2,0,0
chr14,102930094,CGCCCGCCCCATCCCGCCCCGCCGCGCCTCGCCCCGCCGCGGGGAAGACTGAGCCGGCCCCTCCGTCGCAG,C,AMN,873124,0,0,2,0,0
chr14,102930107,CCGCCCCGCCGCGCCT,C,AMN,56742,0,0,1,0,0
chr15,40407947,G,A,IVD,653100,0,0,1,0,0
chr15,40411354,G,A,IVD,372389,0,0,1,0,0
chr15,40414969,G,A,IVD,864566,0,0,1,0,0
chr15,40415454,C,T,IVD,100060,0,0,2,0,0
chr15,40415482,G,T,IVD,627426,0,0,1,0,0
chr15,40416347,G,A,IVD,1331437,0,0,1,0,0
chr15,40418223,G,A,IVD,450659,0,0,1,0,0
chr15,55228692,G,A,RAB27A,1348201,0,0,1,0,0
chr15,74343027,C,T,CYP11A1,372354,0,0,3,0,0
chr15,80180230,G,A,FAH,11870,0,0,4,0,0
chr15,89261589,AC,A,FANCI,1224538,0,0,1,0,0
chr15,89290231,C,T,FANCI,929726,0,0,1,0,0
chr16,173497,C,A,HBA2,439114,0,0,1,0,0
chr16,173540,C,G,HBA2,439771,0,0,4,0,0
chr16,173548,T,C,HBA2,15630,0,0,1,0,0
chr16,173548,T,G,HBA2,15690,0,0,1,0,0
chr16,173598,T,C,HBA2,15624,0,0,1,0,0
chr16,177018,AG,A,HBA1,618153,0,0,1,0,0
chr16,177069,AC,A,HBA1,619842,0,0,1,0,0
chr16,2072295,C,T,TSC2,406077,0,0,1,0,1
chr16,2074281,G,A,TSC2,467942,0,0,1,0,1
chr16,16150197,G,A,ABCC6,433367,0,0,3,0,0
chr16,16150606,G,A,ABCC6,6577,0,0,1,0,0
chr16,16154731,C,T,ABCC6,1026638,0,0,1,0,0
chr16,16154767,G,A,ABCC6,143119,0,0,1,0,0
chr16,16154925,A,G,ABCC6,2059860,0,0,2,0,0
chr16,16154935,C,T,ABCC6,1349413,0,0,1,0,0
chr16,16154974,G,A,ABCC6,6564,0,0,3,0,0
chr16,16155022,C,T,ABCC6,930520,0,0,2,0,0
chr16,16157722,G,A,ABCC6,433294,0,0,1,0,0
chr16,16159514,G,A,ABCC6,433323,0,0,1,0,0
chr16,16163078,G,A,ABCC6,6559,0,0,3,0,0
chr16,16163159,G,A,ABCC6,433307,0,0,1,0,0
chr16,16177499,AT,A,ABCC6,433283,0,0,5,0,0
chr16,16178935,G,A,ABCC6,433268,0,0,1,0,0
chr16,16190339,C,T,ABCC6,433232,0,0,1,0,0
chr16,16202036,A,G,ABCC6,433222,3,0,1,0,3
chr16,16202045,G,A,ABCC6,372294,3,0,1,0,3
chr16,16202086,G,C,ABCC6,433219,0,0,1,0,0
chr16,16208780,G,A,ABCC6,281270,0,0,8,0,0
chr16,16214329,G,A,ABCC6,433409,0,0,1,0,0
chr16,16214428,G,A,ABCC6,372641,0,0,1,0,0
chr16,23371836,C,A,SCNN1B,8842,0,0,2,0,0
chr16,23380170,G,A,SCNN1B,870735,0,0,1,0,0
chr16,23380730,C,T,SCNN1B,805492,0,0,1,0,0
chr16,87891852,C,T,CA5A,388645,0,0,3,0,0
chr16,88643474,G,A,CYBA,1359256,0,0,2,0,0
chr16,88643548,C,T,CYBA,1032885,0,0,1,0,0
chr16,88832051,C,T,GALNS,1048309,0,0,2,0,0
chr16,88832099,C,A,GALNS,708,0,0,4,0,0
chr16,88835261,A,C,GALNS,321200,0,0,3,1,1
chr16,88836223,T,G,GALNS,1048418,0,0,4,0,0
chr16,88837689,A,C,GALNS,321204,0,0,2,0,0
chr16,88837736,G,A,GALNS,873056,0,0,1,0,0
chr16,88837755,G,A,GALNS,1048457,0,0,1,0,0
chr16,89738910,G,A,FANCA,554240,0,0,1,0,0
chr16,89738943,C,T,FANCA,408175,0,0,2,0,0
chr16,89739170,G,C,FANCA,974169,0,0,1,0,0
chr16,89739517,G,A,FANCA,430085,0,0,1,0,0
chr16,89740841,GAGA,G,FANCA,41003,0,0,1,0,0
chr16,89758617,A,G,FANCA,224986,0,0,1,0,0
chr16,89771740,C,CGCTGCTG,FANCA,556254,0,0,1,0,0
chr16,89775816,C,T,FANCA,408199,0,0,1,0,0
chr16,89814615,T,A,FANCA,555166,0,0,1,0,0
chr17,3656498,T,C,CTNS,21439,0,0,1,0,0
chr17,3658081,TCGTGGCTGCAGTGGGAGTGACCA,T,CTNS,496276,0,0,3,0,0
chr17,4899491,C,CGTGGGTG,CHRNE,2090933,0,0,1,0,0
chr17,4901944,G,A,CHRNE,18360,0,0,2,0,0
chr17,4901944,G,C,CHRNE,1038740,0,0,3,0,0
chr17,4902707,A,G,CHRNE,282036,0,0,3,0,0
chr17,7220511,GA,G,ACADVL,553583,0,0,2,0,0
chr17,7221580,G,A,ACADVL,92286,0,0,2,0,0
chr17,7222051,A,G,ACADVL,862474,0,0,1,0,0
chr17,7222277,G,C,ACADVL,1453582,0,0,1,0,0
chr17,7222289,G,A,ACADVL,370981,0,0,1,0,0
chr17,7222669,G,A,ACADVL,203575,0,0,1,0,0
chr17,7222674,CCT,C,ACADVL,189008,0,0,1,0,0
chr17,7222741,C,T,ACADVL,439361,0,0,2,0,0
chr17,7222854,A,G,ACADVL,193541,0,0,15,0,0
chr17,7222864,C,T,ACADVL,541725,0,0,2,0,0
chr17,7223152,G,A,ACADVL,203580,0,0,1,0,0
chr17,7223687,C,T,ACADVL,21013,0,0,1,0,0
chr17,7223859,G,A,ACADVL,203582,0,0,1,0,0
chr17,7224379,C,T,ACADVL,166647,0,0,1,0,0
chr17,7224636,G,A,ACADVL,21019,0,0,2,0,0
chr17,7224877,G,C,ACADVL,474892,0,0,1,0,0
chr17,7224967,G,A,ACADVL,618502,0,0,1,0,0
chr17,7448695,C,T,CHRNB1,448999,0,0,1,0,0
chr17,42900952,TC,T,G6PC1,21062,0,0,2,0,0
chr17,42911236,G,A,G6PC1,1682529,0,0,1,0,0
chr17,42911295,C,G,G6PC1,214461,0,0,1,0,0
chr17,42911391,C,T,G6PC1,12000,0,0,1,0,0
chr17,44007496,T,C,NAGS,623195,0,0,1,0,0
chr17,44071174,TC,T,G6PC3,189782,0,0,2,0,0
chr17,47944698,C,T,PNPO,1452659,0,0,1,0,0
chr17,47945914,C,A,PNPO,206442,0,0,1,0,0
chr17,47945943,T,C,PNPO,138731,0,0,2,0,0
chr17,47946670,G,A,PNPO,223153,0,0,1,0,0
chr17,47946681,C,T,PNPO,6523,0,0,2,0,0
chr17,61683605,A,AT,BRIP1,483163,0,0,3,0,0
chr17,61684098,A,AT,BRIP1,407863,0,0,1,0,0
chr17,61743068,T,C,BRIP1,133753,0,0,2,0,0
chr17,61859808,G,A,BRIP1,479463,0,0,2,0,0
chr17,63972721,G,A,SCN4A,854533,0,0,2,0,2
chr17,75758281,C,T,GALK1,597919,0,0,1,0,0
chr17,75762731,G,A,GALK1,646613,0,0,1,0,0
chr17,75835437,C,G,UNC13D,632290,0,0,2,0,0
chr17,75836590,C,T,UNC13D,2049890,0,0,1,0,0
chr17,75840227,G,A,UNC13D,533099,0,0,1,0,0
chr17,75840506,C,A,UNC13D,2001,0,0,3,0,0
chr17,75840817,CA,C,UNC13D,2138108,0,0,2,0,0
chr17,80104542,T,G,GAA,4027,0,0,17,0,0
chr17,80104758,C,T,GAA,188903,0,0,1,0,0
chr17,80105132,G,A,GAA,280955,0,0,1,0,0
chr17,80105873,G,A,GAA,664582,0,0,2,0,0
chr17,80107616,C,T,GAA,325781,0,0,1,0,0
chr17,80107648,G,A,GAA,188806,0,0,1,0,0
chr17,80107705,C,T,GAA,283894,0,0,2,0,0
chr17,80107863,C,T,GAA,456444,0,0,1,0,0
chr17,80107866,G,A,GAA,188797,0,0,2,0,0
chr17,80108537,G,A,GAA,572725,0,0,2,0,0
chr17,80109993,G,A,GAA,188480,0,0,1,0,0
chr17,80112666,G,A,GAA,188786,0,0,2,0,0
chr17,80112915,G,GGGCCGAC,GAA,1411575,0,0,1,0,0
chr17,80112929,G,A,GAA,188902,0,0,2,0,0
chr17,80113001,C,T,GAA,188773,0,0,1,0,0
chr17,80113351,G,A,GAA,555727,0,0,1,0,0
chr17,80117015,G,C,GAA,188484,0,0,1,0,0
chr17,80117015,G,T,GAA,284776,0,0,1,0,0
chr17,80117016,G,C,GAA,265160,0,0,3,0,0
chr17,80117663,C,T,GAA,284886,0,0,1,0,0
chr17,80118271,C,T,GAA,4034,0,0,8,0,0
chr17,80118646,G,A,GAA,551106,0,0,1,0,0
chr18,13885110,G,A,MC2R,3265,0,0,1,0,0
chr18,23534480,C,T,NPC1,189174,0,0,1,0,0
chr18,23538564,G,C,NPC1,2966,0,0,1,0,0
chr18,23538572,G,A,NPC1,326253,0,0,1,0,0
chr18,23538609,C,G,NPC1,2969,0,0,1,0,0
chr18,23539830,C,T,NPC1,985168,0,0,1,0,0
chr18,23539914,C,T,NPC1,440008,0,0,2,0,0
chr18,23540528,A,G,NPC1,499258,0,0,6,0,0
chr18,23561417,A,G,NPC1,1705807,0,0,1,0,0
chr18,23561444,C,T,NPC1,181450,0,0,1,0,0
chr18,23573452,C,A,NPC1,593342,0,0,2,0,0
chr19,1399793,C,T,GAMT,21065,0,0,1,0,0
chr19,1619139,G,T,TCF3,1670612,0,0,5,0,0
chr19,6694461,G,A,C3,1163118,0,0,2,0,0
chr19,7639755,G,A,STXBP2,640802,0,0,1,0,0
chr19,12649135,C,T,MAN2B1,556664,0,0,1,0,0
chr19,12649932,G,A,MAN2B1,1687,0,0,1,0,0
chr19,12656688,C,T,MAN2B1,1323267,0,0,1,0,0
chr19,12664986,C,T,MAN2B1,2200305,0,0,1,0,0
chr19,12892125,G,A,GCDH,418224,0,0,1,0,0
chr19,12893543,G,A,GCDH,377917,0,0,2,0,0
chr19,12893576,T,C,GCDH,92531,0,0,1,0,0
chr19,12897713,G,A,GCDH,2086,0,0,1,0,0
chr19,12897764,G,A,GCDH,286241,0,0,1,0,0
chr19,12897818,G,A,GCDH,2088,0,0,1,0,0
chr19,12897833,A,G,GCDH,193798,0,0,2,0,0
chr19,12899466,A,C,GCDH,193976,0,0,1,0,0
chr19,12899485,G,A,GCDH,285973,0,0,5,0,0
chr19,17831706,G,T,JAK3,418267,0,0,3,0,0
chr19,17839485,C,CT,JAK3,453184,0,0,1,0,0
chr19,32830639,G,A,SLC7A9,2060879,0,0,1,0,0
chr19,32860624,TC,T,SLC7A9,1687433,0,0,2,0,0
chr19,32862521,C,T,SLC7A9,5782,0,0,5,0,0
chr19,32864206,G,A,SLC7A9,5793,0,0,3,0,0
chr19,32864261,C,T,SLC7A9,5781,0,0,3,0,0
chr19,38457545,C,T,RYR1,12964,0,0,2,0,2
chr19,38460463,C,T,RYR1,2168951,0,0,1,0,1
chr19,38467817,G,A,RYR1,382493,0,0,1,0,1
chr19,38469078,G,A,RYR1,159843,0,0,1,0,1
chr19,38490181,C,T,RYR1,861817,0,0,1,0,1
chr19,38499243,G,A,RYR1,544443,0,0,1,0,1
chr19,38523927,C,T,RYR1,954805,0,0,2,0,2
chr19,38525494,T,TA,RYR1,1069457,0,0,1,0,1
chr19,38527014,C,T,RYR1,281479,0,0,3,0,3
chr19,38565156,C,T,RYR1,573401,0,0,2,0,2
chr19,38570604,CAG,C,RYR1,2413535,0,0,1,0,1
chr19,38585048,G,A,RYR1,940673,0,0,1,0,1
chr19,40702599,C,A,COQ8B,1032201,0,0,1,0,0
chr19,40703603,C,T,COQ8B,974477,0,0,1,0,0
chr19,51347006,C,T,ETFB,16716,0,0,1,0,0
chr19,51353275,C,T,ETFB,203703,0,0,1,0,0
chr2,26191522,C,T,HADHA,429439,0,0,1,0,0
chr2,26193667,CAT,C,HADHA,188962,0,0,1,0,0
chr2,26195184,C,G,HADHA,100085,0,0,1,0,0
chr2,26269952,G,T,HADHB,418243,0,0,2,0,0
chr2,26278754,C,T,HADHB,1526383,0,0,1,0,0
chr2,26284203,C,T,HADHB,632356,0,0,1,0,0
chr2,27239731,G,A,CAD,422220,0,0,2,0,0
chr2,44281446,C,T,SLC3A1,1457305,0,0,1,0,0
chr2,44301085,G,A,SLC3A1,562304,0,0,2,0,0
chr2,44304310,T,G,SLC3A1,804182,0,0,1,0,0
chr2,44312607,C,T,SLC3A1,336205,0,0,1,0,0
chr2,44312653,T,A,SLC3A1,18116,0,0,1,0,0
chr2,44312653,T,C,SLC3A1,18115,0,0,3,0,0
chr2,44320279,CAG,C,SLC3A1,1071553,0,0,1,0,0
chr2,44320600,C,CT,SLC3A1,642723,0,0,1,0,0
chr2,44322730,C,A,PREPL,649028,0,0,3,0,0
chr2,47011330,G,T,TTC7A,944710,0,0,2,0,0
chr2,47021902,T,C,TTC7A,642279,0,0,1,0,0
chr2,47029365,G,T,TTC7A,1451842,0,0,1,0,0
chr2,69326167,G,T,GFPT1,208585,0,0,2,0,0
chr2,69363562,C,T,GFPT1,1073321,0,0,1,0,0
chr2,69363563,G,A,GFPT1,29735,0,0,1,0,0
chr2,69370015,T,C,GFPT1,540352,0,0,2,0,0
chr2,72887694,C,T,SPR,1332715,0,0,2,0,0
chr2,72891406,C,T,SPR,235551,0,0,1,0,0
chr2,165310406,G,A,SCN2A,378927,0,0,1,0,1
chr2,165310448,C,T,SCN2A,207041,0,0,1,0,1
chr2,165367339,G,T,SCN2A,422520,0,0,1,0,1
chr2,165373330,C,T,SCN2A,410982,0,0,1,0,1
chr2,165381198,G,A,SCN2A,1066198,0,0,1,0,1
chr2,165386963,T,C,SCN2A,940493,0,0,1,0,1
chr2,165991541,G,A,SCN1A,496124,0,0,1,0,1
chr2,165992051,C,T,SCN1A,1066554,0,0,2,0,2
chr2,165994211,C,T,SCN1A,448255,0,0,1,0,1
chr2,166036043,C,T,SCN1A,2203190,0,0,1,0,1
chr2,166036483,G,T,SCN1A,206795,0,0,1,0,1
chr2,166054660,C,T,SCN1A,68575,0,0,1,0,1
chr2,174753594,G,A,CHRNA1,190452,0,0,2,0,0
chr2,210599539,TG,T,CPS1,553751,0,0,1,0,0
chr2,218809700,C,T,CYP27A1,65865,0,0,3,0,0
chr2,218812337,C,T,CYP27A1,801897,0,0,2,0,0
chr2,218812965,C,T,CYP27A1,502269,0,0,2,0,0
chr2,218813021,ACTGGC,A,CYP27A1,4265,0,0,1,0,0
chr2,218813095,C,T,CYP27A1,4266,1,0,0,0,1
chr2,218814075,C,T,CYP27A1,554665,0,0,1,0,0
chr2,218814408,C,T,CYP27A1,65838,0,0,2,0,0
chr2,218814409,G,A,CYP27A1,4260,0,0,2,0,0
chr2,218814696,G,C,CYP27A1,65851,1,0,2,0,1
chr2,218814717,G,A,CYP27A1,498030,0,0,1,0,0
chr2,218814971,C,T,CYP27A1,557779,0,0,1,0,0
chr2,227688228,G,C,SLC19A3,372581,0,0,7,0,0
chr2,227699378,A,G,SLC19A3,369673,0,0,1,0,0
chr20,44621032,CCTCTT,C,ADA,193544,0,0,1,0,0
chr20,44622852,G,A,ADA,618516,0,0,1,0,0
chr20,44625581,G,A,ADA,1970,0,0,1,0,0
chr20,44629046,C,T,ADA,555722,0,0,1,0,0
chr21,32299078,G,C,MRAP,1837,0,0,1,0,0
chr21,36756651,C,T,HLCS,558569,0,0,1,0,0
chr21,36759811,C,T,HLCS,1908,0,0,1,0,0
chr21,43053920,A,G,CBS,124,0,0,1,0,0
chr21,43058862,C,T,CBS,126,0,0,4,0,0
chr21,43063074,A,G,CBS,120,0,0,2,0,0
chr21,43066319,C,CCGCA,CBS,554230,0,0,1,0,0
chr21,43066353,G,A,CBS,119,0,0,1,0,0
chr21,44900319,C,T,ITGB2,100763,0,0,1,0,0
chr21,44910352,T,A,ITGB2,381673,0,0,1,0,0
chr22,17188348,C,T,ADA2,420337,0,0,2,0,0
chr22,17188449,T,C,ADA2,541735,0,0,1,0,0
chr22,17203564,G,A,ADA2,120305,0,0,1,0,0
chr22,17207107,C,T,ADA2,120303,0,0,2,0,0
chr22,23573483,G,A,IGLL1,14825,0,0,2,0,0
chr22,23575030,AC,A,IGLL1,236015,0,0,11,0,0
chr22,50625452,C,G,ARSA,2146705,0,0,2,0,0
chr22,50625639,C,T,ARSA,3084,0,0,1,0,0
chr22,50626674,A,T,ARSA,1506952,0,0,1,0,0
chr22,50626844,T,C,ARSA,431088,0,0,1,0,0
chr22,50627182,G,A,ARSA,68134,0,0,2,0,0
chr22,50627197,C,T,ARSA,899762,0,0,1,0,0
chr3,10028721,AGT,A,FANCD2,1067913,0,0,2,0,0
chr3,10073363,G,A,FANCD2,667394,0,0,1,0,0
chr3,15453846,G,A,COLQ,536241,0,0,2,0,0
chr3,15453899,G,A,COLQ,381725,0,0,1,0,0
chr3,15478991,G,A,COLQ,631910,0,0,1,0,0
chr3,15635478,CGG,C,BTD,373906,0,0,1,0,0
chr3,15644325,C,T,BTD,25012,0,0,1,0,0
chr3,15644488,G,A,BTD,25029,0,0,1,0,0
chr3,15644557,C,T,BTD,156003,0,0,2,0,0
chr3,15644824,A,G,BTD,38278,0,0,28,0,0
chr3,15645216,T,G,BTD,2151685,0,0,1,0,0
chr3,15645217,A,G,BTD,458806,0,0,2,0,0
chr3,15645224,A,C,BTD,1902,0,0,1,0,0
chr3,15645288,G,A,BTD,25108,0,0,3,0,0
chr3,15645311,C,G,BTD,25090,0,0,2,0,0
chr3,15645345,C,T,BTD,25094,0,0,1,0,0
chr3,15645451,C,T,BTD,1897,0,0,2,0,0
chr3,15645647,G,A,BTD,555845,0,0,3,0,0
chr3,38550521,C,T,SCN5A,68014,0,0,2,0,2
chr3,38551157,G,A,SCN5A,67965,0,0,1,0,1
chr3,38551487,G,A,SCN5A,264276,0,0,1,0,1
chr3,38557248,C,A,SCN5A,179030,0,0,1,0,1
chr3,38613772,C,T,SCN5A,68033,0,0,1,0,1
chr3,38622401,C,T,SCN5A,67927,0,0,2,0,2
chr3,38630420,C,T,SCN5A,67761,0,0,2,0,2
chr3,48859119,C,G,SLC25A20,646763,0,0,2,0,0
chr3,48884134,A,C,SLC25A20,12137,0,0,1,0,0
chr3,87260022,CT,C,POU1F1,13610,0,0,2,0,2
chr3,98580709,G,A,CPOX,459,0,0,1,0,0
chr3,98590726,A,T,CPOX,656587,0,0,1,0,0
chr3,128895320,CT,C,ACAD9,242524,0,0,3,0,0
chr3,128906208,G,A,ACAD9,242463,0,0,1,0,0
chr3,128909019,C,T,ACAD9,214007,0,0,1,0,0
chr3,128909410,C,T,ACAD9,242461,0,0,1,0,0
chr3,136256588,C,T,PCCB,265422,0,0,1,0,0
chr3,136298060,G,A,PCCB,380595,0,0,6,0,0
chr3,136316958,A,AT,PCCB,167423,0,0,4,0,0
chr3,136326839,G,A,PCCB,558201,0,0,4,0,0
chr3,136327178,AT,A,PCCB,802012,0,0,2,0,0
chr3,136327638,A,G,PCCB,12018,0,0,1,0,0
chr3,136329940,C,T,PCCB,38879,0,0,2,0,0
chr3,164983015,A,C,SI,1417,0,0,3,0,0
chr3,165019655,G,A,SI,432014,0,0,2,0,0
chr3,165021265,C,T,SI,1419,0,0,1,0,0
chr3,165046998,A,C,SI,1418,0,0,2,0,0
chr3,165069136,C,A,SI,900785,0,0,1,0,0
chr3,183039100,C,T,MCCC1,649327,0,0,2,0,0
chr3,183039101,A,C,MCCC1,664032,0,0,3,0,0
chr3,183041720,G,A,MCCC1,193913,0,0,1,0,0
chr3,183057343,G,A,MCCC1,203795,0,0,1,0,0
chr3,183071208,A,T,MCCC1,476398,0,0,1,0,0
chr3,183092545,C,T,MCCC1,203797,0,0,1,0,0
chr4,987085,A,C,IDUA,550458,0,0,2,0,0
chr4,987131,C,A,IDUA,1427062,0,0,1,0,0
chr4,1002342,A,G,IDUA,950889,0,0,3,0,0
chr4,1002747,G,A,IDUA,11908,0,0,4,0,0
chr4,1003417,C,T,IDUA,2201882,0,0,2,0,0
chr4,1004345,C,A,IDUA,450259,0,0,1,0,0
chr4,3493106,A,AGCCT,DOK7,1273,0,0,1,0,0
chr4,3493273,TGCGGCCAGGGACTCAG,T,DOK7,813360,0,0,3,0,0
chr4,83284866,C,CG,COQ2,235473,0,0,3,0,0
chr4,108027713,G,A,HADH,393392,0,0,18,0,0
chr4,108032354,C,T,HADH,2499170,0,0,4,0,0
chr4,108034320,G,T,HADH,647412,0,0,1,0,0
chr4,145639573,G,A,MMAA,1073197,0,0,1,0,0
chr4,145655165,C,T,MMAA,203816,0,0,1,0,0
chr4,154565832,C,T,FGB,16396,0,0,1,0,0
chr4,154606735,C,T,FGG,626970,0,0,4,0,4
chr4,154606932,C,T,FGG,16362,0,0,1,0,1
chr4,158680583,C,T,ETFDH,1495835,0,0,1,0,0
chr4,158680584,G,A,ETFDH,1019560,0,0,2,0,0
chr4,158682269,G,A,ETFDH,12028,0,0,1,0,0
chr4,158682408,A,T,ETFDH,656755,0,0,3,0,0
chr4,158684649,A,G,ETFDH,427131,0,0,1,0,0
chr4,158699022,AT,A,ETFDH,1410339,0,0,1,0,0
chr4,158706254,G,C,ETFDH,203722,0,0,1,0,0
chr4,158706761,C,T,ETFDH,418184,0,0,2,0,0
chr4,158706817,T,C,ETFDH,1517130,0,0,2,0,0
chr4,158706835,C,T,ETFDH,2203591,0,0,1,0,0
chr5,7896861,TAGAG,T,MTRR,631967,0,0,2,0,0
chr5,35873481,A,C,IL7R,36393,0,0,1,0,0
chr5,39306753,G,C,C9,17043,0,0,2,0,0
chr5,39311370,AT,A,C9,2178973,0,0,2,0,0
chr5,39315923,AG,A,C9,1033864,0,0,2,0,0
chr5,39331711,G,A,C9,1324000,0,0,2,0,0
chr5,39341162,G,A,C9,1029525,0,0,1,0,0
chr5,39341276,G,A,C9,17040,0,0,19,0,0
chr5,39341628,G,A,C9,2057844,0,0,1,0,0
chr5,39342112,G,T,C9,17041,0,0,3,0,0
chr5,40936337,G,T,C7,225308,0,0,1,0,0
chr5,40936461,CT,C,C7,432759,0,0,8,0,0
chr5,40955497,C,T,C7,1948673,0,0,2,0,0
chr5,40959447,A,T,C7,1478195,0,0,2,0,0
chr5,40959520,C,A,C7,12105,0,0,5,0,0
chr5,41149933,A,G,C6,379370,0,0,8,0,0
chr5,41158762,TC,T,C6,505659,0,0,28,0,0
chr5,41159152,G,A,C6,208565,0,0,1,0,0
chr5,41176504,TG,T,C6,997513,0,0,12,1,1
chr5,41181464,CT,C,C6,1458860,0,0,3,0,0
chr5,41186142,A,T,C6,2418534,0,0,2,0,0
chr5,41794217,C,A,OXCT1,1064694,0,0,4,0,0
chr5,70925108,C,G,SMN1,9168,0,0,3,0,0
chr5,70946138,T,C,SMN1,634939,0,0,4,0,0
chr5,71599672,G,C,MCCC2,1920,0,0,2,0,0
chr5,71604422,G,A,MCCC2,950084,0,0,1,0,0
chr5,71626706,A,T,MCCC2,1521022,0,0,2,0,0
chr5,71634977,G,T,MCCC2,1927,0,0,1,0,0
chr5,71635242,G,A,MCCC2,467811,0,0,4,0,0
chr5,71641018,G,A,MCCC2,203805,0,0,3,0,0
chr5,78780549,T,C,ARSB,189224,0,0,1,0,0
chr5,78780633,G,A,ARSB,559709,0,0,1,0,0
chr5,78780649,C,G,ARSB,559708,0,0,1,0,0
chr5,78985005,GGAGCACC,G,ARSB,559744,0,0,1,0,0
chr5,126546333,C,T,ALDH7A1,623338,0,0,1,0,0
chr5,126546342,T,C,ALDH7A1,647989,0,0,1,0,0
chr5,126550236,T,A,ALDH7A1,204849,0,0,1,0,0
chr5,126552059,C,G,ALDH7A1,17994,0,0,1,0,0
chr5,126577122,A,C,ALDH7A1,204831,0,0,1,0,0
chr5,126583961,G,A,ALDH7A1,204863,0,0,2,0,0
chr5,126595164,GC,G,ALDH7A1,372663,0,0,2,0,0
chr5,132369824,G,A,SLC22A5,25340,0,0,5,0,0
chr5,132370006,G,A,SLC22A5,25349,0,0,1,0,0
chr5,132370023,C,G,SLC22A5,25350,0,0,1,0,0
chr5,132370220,G,T,SLC22A5,25361,0,0,4,0,0
chr5,132370244,A,G,SLC22A5,460405,0,0,4,0,0
chr5,132370343,A,G,SLC22A5,809800,0,0,1,0,0
chr5,132384178,A,G,SLC22A5,379230,0,0,2,0,0
chr5,132384254,T,C,SLC22A5,460410,0,0,5,0,0
chr5,132384290,C,T,SLC22A5,38279,1,0,14,1,2
chr5,132385354,C,T,SLC22A5,1472238,1,0,0,0,1
chr5,132385355,G,A,SLC22A5,378583,0,0,1,0,0
chr5,132385369,A,G,SLC22A5,1486807,0,0,2,0,0
chr5,132385370,C,T,SLC22A5,25386,0,0,6,0,0
chr5,132385435,C,T,SLC22A5,6426,0,0,5,0,0
chr5,132385472,C,T,SLC22A5,846688,0,0,1,0,0
chr5,132387045,G,C,SLC22A5,2146047,0,0,2,0,0
chr5,132390709,T,A,SLC22A5,651951,0,0,2,0,0
chr5,132390809,GGCT,G,SLC22A5,25410,0,0,1,0,0
chr5,132390832,C,T,SLC22A5,6427,0,0,3,0,0
chr5,132392510,T,G,SLC22A5,25420,0,0,8,0,0
chr5,132392565,C,G,SLC22A5,25423,0,0,2,0,0
chr5,151822765,G,A,GLRA1,1897615,0,0,2,0,0
chr5,151851433,G,A,GLRA1,421866,0,0,1,0,0
chr5,151859984,G,A,GLRA1,225379,0,0,2,0,0
chr5,177995888,G,A,PROP1,36702,0,0,4,0,0
chr6,6167589,C,T,F13A1,627022,0,0,5,0,0
chr6,7563749,C,T,DSP,965204,0,0,1,0,1
chr6,7579472,G,C,DSP,923358,0,0,1,0,1
chr6,7579702,T,C,DSP,246662,0,0,1,0,1
chr6,7582775,G,A,DSP,161225,0,0,1,0,1
chr6,7585739,G,A,DSP,629485,0,0,1,0,1
chr6,31943100,G,A,CFB,369516,0,0,1,0,0
chr6,32038310,G,A,CYP21A2,987867,0,0,17,0,0
chr6,32038514,C,T,CYP21A2,12153,0,0,4,0,0
chr6,32038610,A,T,CYP21A2,12183,0,0,1,0,0
chr6,32039081,C,G,CYP21A2,12155,0,0,6,0,0
chr6,32039426,T,A,CYP21A2,12150,0,0,6,0,0
chr6,32039816,T,A,CYP21A2,242688,0,0,18,2,2
chr6,32040020,G,A,CYP21A2,800632,0,0,2,0,0
chr6,32040110,G,T,CYP21A2,12151,1,0,74,2,3
chr6,32040182,G,GT,CYP21A2,65611,1,0,2,0,1
chr6,32040421,C,T,CYP21A2,12169,0,0,1,0,0
chr6,32040536,G,A,CYP21A2,1675315,0,0,1,0,0
chr6,32041097,G,C,CYP21A2,1264335,0,0,9,0,0
chr6,35457944,C,A,FANCE,134336,0,0,1,0,0
chr6,39906758,GCT,G,MOCS1,6118,0,0,1,0,0
chr6,39925702,G,A,MOCS1,809931,0,0,10,0,0
chr6,49435554,C,T,MMUT,574601,0,0,1,0,0
chr6,49451512,T,C,MMUT,1197698,0,0,3,0,0
chr6,49457714,C,CAA,MMUT,552079,0,0,1,0,0
chr6,49457762,G,A,MMUT,203855,0,0,1,0,0
chr6,49458022,G,T,MMUT,978683,0,0,1,0,0
chr6,49459144,C,T,MMUT,100707,0,0,1,0,0
chr6,49459145,G,A,MMUT,1887,0,0,2,0,0
chr6,49459186,C,A,MMUT,657887,0,0,2,0,0
chr6,49459189,C,T,MMUT,1880,0,0,1,0,0
chr6,69699041,A,G,LMBRD1,1324667,0,0,2,0,0
chr6,69701469,TC,T,LMBRD1,225048,0,0,2,0,0
chr6,69741834,CTG,C,LMBRD1,517,0,0,1,0,0
chr6,83191199,G,A,PGM3,1301339,0,0,1,0,0
chr6,107154778,C,T,PDSS2,1954682,0,0,1,0,0
chr6,160706469,A,G,PLG,13583,0,0,14,0,0
chr6,160722431,G,T,PLG,13575,0,0,2,0,0
chr7,44147690,G,A,GCK,585927,0,0,1,0,1
chr7,50467222,G,A,DDC,1068764,0,0,2,0,0
chr7,50528133,T,A,DDC,864024,0,0,2,0,0
chr7,66081825,G,A,ASL,92360,0,0,3,0,0
chr7,66082452,G,T,ASL,203624,0,0,2,0,0
chr7,66082887,T,C,ASL,495379,0,0,1,0,0
chr7,66082920,G,A,ASL,288770,0,0,1,0,0
chr7,66083104,C,T,ASL,643476,0,0,1,0,0
chr7,66083164,C,T,ASL,203626,0,0,1,0,0
chr7,66086751,G,A,ASL,2402,0,0,1,0,0
chr7,66087761,A,G,ASL,1465183,0,0,1,0,0
chr7,66089336,G,A,ASL,2445724,0,0,1,0,0
chr7,66993288,C,T,SBDS,372498,0,0,1,0,0
chr7,66994210,A,G,SBDS,3196,4,0,9,0,4
chr7,66994286,T,A,SBDS,449095,4,0,10,0,4
chr7,74777266,GGT,G,NCF1,2249,0,0,1,0,0
chr7,75985179,G,A,POR,16907,0,0,1,0,0
chr7,96146609,G,A,SLC25A13,939098,0,0,2,0,0
chr7,96184276,C,T,SLC25A13,6002,0,0,4,0,0
chr7,96184390,C,T,SLC25A13,92110,0,0,1,0,0
chr7,96189371,TCATA,T,SLC25A13,225472,0,0,4,0,0
chr7,96193032,C,T,SLC25A13,21517,0,0,1,0,0
chr7,96321940,A,G,SLC25A13,2038719,0,0,1,0,0
chr7,96321955,A,G,SLC25A13,193371,0,0,29,2,2
chr7,117504336,C,T,CFTR,593277,0,0,2,0,0
chr7,117509127,CTT,C,CFTR,7232,0,0,2,0,0
chr7,117531098,G,A,CFTR,618959,0,0,2,0,0
chr7,117536576,A,G,CFTR,54055,0,0,1,0,0
chr7,117536678,G,A,CFTR,552934,0,0,1,0,0
chr7,117540156,CCTT,C,CFTR,48704,1,0,0,0,1
chr7,117540230,C,T,CFTR,7139,0,0,2,0,0
chr7,117540231,G,A,CFTR,53159,0,0,2,0,0
chr7,117540258,GC,G,CFTR,53170,0,0,1,0,0
chr7,117540284,C,T,CFTR,35816,0,0,1,0,0
chr7,117542016,G,A,CFTR,161998,0,0,1,0,0
chr7,117542024,A,C,CFTR,53196,0,0,1,0,0
chr7,117548630,T,TG,CFTR,802357,0,0,13,0,0
chr7,117548758,G,T,CFTR,53229,0,0,1,0,0
chr7,117548762,T,C,CFTR,551988,0,0,1,0,0
chr7,117548798,T,C,CFTR,35821,0,0,3,0,0
chr7,117559576,T,C,CFTR,53272,0,0,2,0,0
chr7,117559590,ATCT,A,CFTR,7105,0,0,25,0,0
chr7,117587738,G,A,CFTR,7112,0,0,2,0,0
chr7,117587800,G,A,CFTR,7116,0,0,2,0,0
chr7,117587811,C,T,CFTR,7122,0,0,1,0,0
chr7,117592004,G,A,CFTR,53401,0,0,1,0,0
chr7,117592008,A,G,CFTR,53403,0,0,3,0,0
chr7,117592032,G,A,CFTR,35833,0,0,2,0,0
chr7,117592212,CA,C,CFTR,38493,0,0,1,0,0
chr7,117592340,G,A,CFTR,53448,0,0,1,0,0
chr7,117592377,C,T,CFTR,53454,1,0,0,0,1
chr7,117592416,C,T,CFTR,53460,0,0,2,0,0
chr7,117603774,T,C,CFTR,219537,0,0,2,0,0
chr7,117606701,A,C,CFTR,53602,0,0,2,0,0
chr7,117606754,G,A,CFTR,7224,0,0,1,0,0
chr7,117611622,G,C,CFTR,53672,0,0,1,0,0
chr7,117611646,G,A,CFTR,53684,0,0,2,0,0
chr7,117642528,G,A,CFTR,7164,0,0,34,1,1
chr7,117652877,C,G,CFTR,7136,0,0,1,0,0
chr7,117664780,G,C,CFTR,7237,0,0,21,1,1
chr7,117664821,T,C,CFTR,526019,0,0,2,0,0
chr7,117666898,AT,A,CFTR,237857,0,0,2,0,0
chr7,117666998,G,A,CFTR,53941,0,0,6,0,0
chr7,138709633,C,T,ATP6V0A4,5159,0,0,1,0,0
chr7,138739614,T,C,ATP6V0A4,359016,0,0,14,0,0
chr7,138752620,C,T,ATP6V0A4,908671,0,0,7,0,0
chr7,138768779,C,A,ATP6V0A4,1516438,0,0,1,0,0
chr8,38144316,C,T,STAR,1334169,0,0,1,0,0
chr8,38144352,A,G,STAR,553482,0,0,2,0,0
chr8,38146036,G,A,STAR,35553,0,0,1,0,0
chr8,38148693,G,GC,STAR,632520,0,0,1,0,0
chr8,47931496,G,GT,PRKDC,154324,0,0,8,1,1
chr8,63065904,C,T,TTPA,374211,0,0,1,0,0
chr8,63065942,T,TAA,TTPA,9139,0,0,1,0,0
chr8,89953434,T,TC,NBN,530754,0,0,1,0,0
chr8,89953536,G,C,NBN,411775,0,0,1,0,0
chr8,89984524,C,T,NBN,186314,0,0,2,0,0
chr8,142875767,G,A,CYP11B1,56830,0,0,6,0,0
chr8,142877191,G,A,CYP11B1,56831,0,0,1,0,0
chr8,142912529,C,T,CYP11B2,834390,0,0,1,0,0
chr8,142915087,G,A,CYP11B2,16881,0,0,2,0,0
chr9,34647858,C,T,GALT,3618,0,0,8,0,0
chr9,34648170,A,G,GALT,3614,0,0,5,0,0
chr9,34648370,C,T,GALT,25226,0,0,2,0,0
chr9,34648371,G,A,GALT,25227,0,0,1,0,0
chr9,34649032,G,T,GALT,3621,0,0,2,0,0
chr9,35077266,TGGCGGTA,T,FANCG,6719,0,0,2,0,0
chr9,78328157,G,T,PSAT1,1467660,0,0,2,0,0
chr9,94603557,C,T,FBP1,381580,0,0,1,0,0
chr9,95101789,C,T,FANCC,216285,0,0,1,0,0
chr9,95135341,C,T,FANCC,216291,0,0,1,0,0
chr9,95240726,GA,G,FANCC,551191,0,0,1,0,0
chr9,101424931,C,T,ALDOB,417929,0,0,1,0,0
chr9,101425044,T,G,ALDOB,432193,0,0,1,0,0
chr9,101427498,G,T,ALDOB,465,0,0,3,0,0
chr9,101427574,C,G,ALDOB,464,0,0,9,0,0
chr9,101428468,C,A,ALDOB,1066749,0,0,2,0,0
chr9,101428484,CTTTG,C,ALDOB,188861,0,0,1,0,0
chr9,101428517,G,A,ALDOB,1065849,0,0,1,0,0
chr9,101429901,G,A,ALDOB,472,0,0,2,0,0
chr9,101435708,C,G,ALDOB,495347,0,0,2,0,0
chr9,110687218,A,G,MUSK,218372,0,0,1,0,0
chr9,110768085,T,C,MUSK,1971882,0,0,1,0,0
chr9,121050192,G,A,C5,17050,0,0,2,0,0
chr9,124500568,G,A,NR5A1,29894,0,0,1,0,1
chr9,130452225,C,T,ASS1,203632,0,0,2,0,0
chr9,130458471,T,C,ASS1,656313,0,0,4,0,0
chr9,130466774,G,A,ASS1,6325,0,0,1,0,0
chr9,130470873,T,C,ASS1,6335,0,0,1,0,0
chr9,130480398,G,A,ASS1,92372,0,0,1,0,0
chr9,130489413,C,T,ASS1,265044,0,0,1,0,0
chr9,130494899,C,T,ASS1,528370,0,0,2,0,0
chr9,133426218,G,C,ADAMTS13,632074,0,0,1,0,0
chr9,133436865,C,T,ADAMTS13,5811,0,0,1,0,0
chr9,133436890,C,T,ADAMTS13,365546,0,0,6,0,0
chr9,133437805,C,T,ADAMTS13,1323853,0,0,2,0,0
chr9,133454440,T,G,ADAMTS13,5803,0,0,2,0,0
chr9,133454548,C,T,ADAMTS13,68815,0,0,5,0,0
chr9,133456150,T,C,ADAMTS13,1343360,0,0,1,0,0
chrX,14730460,G,A,FANCB,1334411,0,1,1,0,1
chrX,19351368,C,T,PDHA1,214940,0,0,1,0,1
chrX,22247891,G,T,PHEX,1343094,0,0,1,0,1
chrX,31260992,C,T,DMD,1322243,0,0,1,0,0
chrX,31478330,G,A,DMD,11288,0,0,1,0,0
chrX,32448611,C,A,DMD,11280,0,0,1,0,0
chrX,32614380,C,A,DMD,984113,0,0,1,0,0
chrX,38352591,C,A,OTC,487338,0,0,1,0,1
chrX,38367361,G,A,OTC,97117,0,1,0,0,1
chrX,38369865,T,C,OTC,959988,0,0,1,0,1
chrX,38381417,C,T,OTC,97175,0,1,0,0,1
chrX,48684373,G,A,WAS,265289,0,0,1,0,0
chrX,78021066,A,G,ATP7A,210436,0,0,1,0,0
chrX,101403941,C,T,GLA,217380,0,0,2,0,2
chrX,139561733,T,G,F9,1685803,0,1,0,0,1
chrX,139562031,G,A,F9,1685804,0,1,1,0,1
chrX,154532257,C,T,G6PD,100059,0,3,3,0,3
chrX,154532269,C,A,G6PD,100058,0,3,3,0,3
chrX,154532390,G,A,G6PD,93493,0,1,1,0,1
chrX,154532969,G,A,G6PD,10405,0,1,2,0,1
chrX,154533025,A,G,G6PD,10388,0,6,10,0,6
chrX,154533122,C,T,G6PD,10386,0,3,3,0,3
chrX,154533596,C,G,G6PD,10372,0,1,1,0,1
chrX,154534348,T,C,G6PD,1722746,0,0,1,0,0
chrX,154534390,G,A,G6PD,10391,0,1,0,0,1
chrX,154534400,G,C,G6PD,368101,0,0,2,0,0
chrX,154534419,G,A,G6PD,100057,0,0,4,0,0
chrX,154535176,C,G,G6PD,706112,0,2,5,0,2
chrX,154535261,C,A,G6PD,10404,0,0,1,0,0
chrX,154535963,G,A,G6PD,1722652,0,0,1,0,0
chrX,154536002,C,T,G6PD,37123,0,56,109,11,56
chrX,154536156,A,G,G6PD,10402,0,0,1,0,0
chrX,154536168,G,C,G6PD,10406,0,0,1,0,0
chrX,154762824,C,G,DKC1,38944,0,0,1,0,0
chrX,154837702,G,C,F8,1685781,0,2,1,0,2
chrX,154896202,C,T,F8,914831,0,0,1,0,0
chrX,154929259,C,T,F8,1685793,0,0,2,0,0
chrX,154930152,A,AT,F8,1330420,0,0,1,0,0
chrX,154930621,C,T,F8,10251,0,0,4,0,0
chrX,154930950,G,C,F8,1685797,0,0,1,0,0
chrX,154966433,C,G,F8,1685800,0,1,1,0,1
chrX,154966679,C,T,F8,1163210,0,1,2,0,1
